[{"pk": "45a5bce1-2d4d-4427-a602-3033d23a2f28", "model": "indivo.principal", "fields": {"type": "Account", "created_at": "2011-01-18 15:47:18", "modified_at": "2011-01-18 15:47:18", "email": "benadida@informedcohort.org", "creator": null}}, {"pk": "5bf5595f-7e77-4a21-a233-0cb6611ede47", "model": "indivo.principal", "fields": {"type": "Account", "created_at": "2011-01-18 15:47:18", "modified_at": "2011-01-18 15:47:18", "email": "stevezabak@informedcohort.org", "creator": null}}, {"pk": "aa5bea90-fa18-4b79-8146-e139a2e19829", "model": "indivo.principal", "fields": {"type": "MachineApp", "created_at": "2011-01-18 15:47:18", "modified_at": "2011-01-18 15:47:18", "email": "missioncontrol@apps.indivo.org", "creator": null}}, {"pk": "74677318-139c-42c0-9ddc-8749614faa84", "model": "indivo.principal", "fields": {"type": "MachineApp", "created_at": "2011-01-18 15:47:18", "modified_at": "2011-01-18 15:47:18", "email": "chrome@apps.indivo.org", "creator": null}}, {"pk": "5fa31f11-d509-4560-bc22-828e97e2451d", "model": "indivo.principal", "fields": {"type": "MachineApp", "created_at": "2011-01-18 15:47:18", "modified_at": "2011-01-18 15:47:18", "email": "tudiabetes-admin@apps.indivo.org", "creator": null}}, {"pk": "6d05c98b-27ff-4dc4-8765-9bd8ceefa3bd", "model": "indivo.principal", "fields": {"type": "MachineApp", "created_at": "2011-01-18 15:47:18", "modified_at": "2011-01-18 15:47:18", "email": "chb@apps.indivo.org", "creator": null}}, {"pk": "9191398a-184b-4e25-bb90-46e1772a90cd", "model": "indivo.principal", "fields": {"type": "MachineApp", "created_at": "2011-01-18 15:47:18", "modified_at": "2011-01-18 15:47:18", "email": "stemapnea@apps.indivo.org", "creator": null}}, {"pk": "80f688dd-19fd-4a67-98f5-b84a90551d1a", "model": "indivo.principal", "fields": {"type": "MachineApp", "created_at": "2011-01-18 15:47:18", "modified_at": "2011-01-18 15:47:18", "email": "indivoconnector-admin@apps.indivo.org", "creator": null}}, {"pk": "d51bc23a-fd95-46c4-b225-30e90507d0d6", "model": "indivo.principal", "fields": {"type": "PHA", "created_at": "2011-01-18 15:47:19", "modified_at": "2011-01-18 15:47:19", "email": "surveys@apps.indivo.org", "creator": null}}, {"pk": "4476ff48-26ab-4db6-a417-d92cc7bc2148", "model": "indivo.principal", "fields": {"type": "PHA", "created_at": "2011-01-18 15:47:19", "modified_at": "2011-01-18 15:47:19", "email": "patientnotifier@apps.indivo.org", "creator": null}}, {"pk": "6f9a235a-4f85-485d-bdc1-32720e609b84", "model": "indivo.principal", "fields": {"type": "PHA", "created_at": "2011-01-18 15:47:19", "modified_at": "2011-01-18 15:47:19", "email": "gpp@apps.indivo.org", "creator": null}}, {"pk": "25ab7557-0d80-4514-ad3e-771412b68147", "model": "indivo.principal", "fields": {"type": "PHA", "created_at": "2011-01-18 15:47:19", "modified_at": "2011-01-18 15:47:19", "email": "manton@apps.indivo.org", "creator": null}}, {"pk": "07f77774-2d50-4914-b79a-4796058d6aaf", "model": "indivo.principal", "fields": {"type": "PHA", "created_at": "2011-01-18 15:47:19", "modified_at": "2011-01-18 15:47:19", "email": "tudiabetes@apps.indivo.org", "creator": null}}, {"pk": "0407018a-3b9a-4a2e-a553-c6fe51b5aad6", "model": "indivo.principal", "fields": {"type": "PHA", "created_at": "2011-01-18 15:47:19", "modified_at": "2011-01-18 15:47:19", "email": "nagdivo@apps.indivo.org", "creator": null}}, {"pk": "21d9bab7-5fa8-467d-be9f-b7c98ce4bf1d", "model": "indivo.principal", "fields": {"type": "PHA", "created_at": "2011-01-18 15:47:19", "modified_at": "2011-01-18 15:47:19", "email": "indivoconnector@apps.indivo.org", "creator": null}}, {"pk": "da87eba9-9444-4dda-9a7d-adf5cb77d48c", "model": "indivo.principal", "fields": {"type": "PHA", "created_at": "2011-01-18 15:47:19", "modified_at": "2011-01-18 15:47:19", "email": "chb-powerchart@apps.indivo.org", "creator": null}}, {"pk": "cb029992-e1fa-4903-9a4e-7c9c8247bb37", "model": "indivo.principal", "fields": {"type": "PHA", "created_at": "2011-01-18 15:47:19", "modified_at": "2011-01-18 15:47:19", "email": "fhh@apps.indivo.org", "creator": null}}, {"pk": "5eba616c-9526-4775-950b-8ffb3272ced1", "model": "indivo.principal", "fields": {"type": "PHA", "created_at": "2011-01-18 15:47:19", "modified_at": "2011-01-18 15:47:19", "email": "stephanie@apps.indivo.org", "creator": null}}, {"pk": "2c0886ed-f070-45c5-9331-575e026d80ff", "model": "indivo.principal", "fields": {"type": "PHA", "created_at": "2011-01-18 15:47:19", "modified_at": "2011-01-18 15:47:19", "email": "gping@apps.indivo.org", "creator": null}}, {"pk": "36fd9088-c963-4022-9f92-a6e7af22b804", "model": "indivo.principal", "fields": {"type": "PHA", "created_at": "2011-01-18 15:47:19", "modified_at": "2011-01-18 15:47:19", "email": "allergies@apps.indivo.org", "creator": null}}, {"pk": "61a54715-8264-4cd3-9e01-577b991c7e7b", "model": "indivo.principal", "fields": {"type": "PHA", "created_at": "2011-01-18 15:47:19", "modified_at": "2011-01-18 15:47:19", "email": "immunizations@apps.indivo.org", "creator": null}}, {"pk": "1eba6d48-e302-4218-8a22-14d24cf05b90", "model": "indivo.principal", "fields": {"type": "PHA", "created_at": "2011-01-18 15:47:19", "modified_at": "2011-01-18 15:47:19", "email": "labs@apps.indivo.org", "creator": null}}, {"pk": "4b9b7e5b-35f4-46d7-9e5f-852592d3b554", "model": "indivo.principal", "fields": {"type": "PHA", "created_at": "2011-01-18 15:47:19", "modified_at": "2011-01-18 15:47:19", "email": "medications@apps.indivo.org", "creator": null}}, {"pk": "9bb212c2-3d25-42be-915c-19e3125c9117", "model": "indivo.principal", "fields": {"type": "PHA", "created_at": "2011-01-18 15:47:19", "modified_at": "2011-01-18 15:47:19", "email": "problems@apps.indivo.org", "creator": null}}, {"pk": "45a5bce1-2d4d-4427-a602-3033d23a2f28", "model": "indivo.account", "fields": {"secondary_secret": null, "last_state_change": "2011-01-18 15:47:18", "full_name": "Ben Adida", "state": "active", "last_login_at": null, "contact_email": "ben@adida.net", "last_failed_login_at": null, "total_login_count": 0, "failed_login_count": 0, "primary_secret": null}}, {"pk": "5bf5595f-7e77-4a21-a233-0cb6611ede47", "model": "indivo.account", "fields": {"secondary_secret": null, "last_state_change": "2011-01-18 15:47:18", "full_name": "Steve Zabak", "state": "active", "last_login_at": null, "contact_email": "steve.zabak@childrens.harvard.edu", "last_failed_login_at": null, "total_login_count": 0, "failed_login_count": 0, "primary_secret": null}}, {"pk": "12e817af-bf15-4ba8-8e52-db82462b9f22", "model": "indivo.authsystem", "fields": {"internal_p": false, "created_at": "2011-01-18 15:47:18", "modified_at": "2011-01-18 15:47:18", "short_name": "mychildrens", "creator": null}}, {"pk": "2ba0e709-763c-4bb1-9352-281a067fb831", "model": "indivo.authsystem", "fields": {"internal_p": true, "created_at": "2011-01-18 15:47:18", "modified_at": "2011-01-18 15:47:18", "short_name": "password", "creator": null}}, {"pk": "d0e483bb-496e-4c26-bbb2-c8b96e5a4d91", "model": "indivo.accountauthsystem", "fields": {"username": "benadida", "account": "45a5bce1-2d4d-4427-a602-3033d23a2f28", "auth_system": "2ba0e709-763c-4bb1-9352-281a067fb831", "creator": null, "created_at": "2011-01-18 15:47:18", "modified_at": "2011-01-18 15:47:18", "auth_parameters": "{\"password_hash\": \"4bb054c82c140f70db3cb725b5a92e53bf5ed146b595cad0d72f11a9e898cd4a\", \"password_salt\": \"bLWnaKlSqYraMiTDDtGD\"}", "user_attributes": null}}, {"pk": "38cc6402-7b10-4f37-91a8-e176d7196b99", "model": "indivo.accountauthsystem", "fields": {"username": "stevezabak", "account": "5bf5595f-7e77-4a21-a233-0cb6611ede47", "auth_system": "2ba0e709-763c-4bb1-9352-281a067fb831", "creator": null, "created_at": "2011-01-18 15:47:18", "modified_at": "2011-01-18 15:47:18", "auth_parameters": "{\"password_hash\": \"e1c832fcf6dd4c556f184fcf8bf7a39d2694b047d062da6c6a84938d91f89daa\", \"password_salt\": \"sKnyHFJRnHSoOKoqNHIs\"}", "user_attributes": null}}, {"pk": "0028b40c-6f5a-447a-b6ff-b4df3f7f3b12", "model": "indivo.carenet", "fields": {"record": "684b0337-db87-4143-8d55-08800be5126c", "created_at": "2011-01-18 15:47:18", "modified_at": "2011-01-18 15:47:18", "name": "Family", "creator": null}}, {"pk": "24ad8f3e-5f6d-4aee-866b-b4f04806664d", "model": "indivo.carenet", "fields": {"record": "684b0337-db87-4143-8d55-08800be5126c", "created_at": "2011-01-18 15:47:18", "modified_at": "2011-01-18 15:47:18", "name": "Physicians", "creator": null}}, {"pk": "08ae2dd8-cd8c-41be-83c2-b0b89b91001e", "model": "indivo.carenet", "fields": {"record": "684b0337-db87-4143-8d55-08800be5126c", "created_at": "2011-01-18 15:47:18", "modified_at": "2011-01-18 15:47:18", "name": "Work/School", "creator": null}}, {"pk": "570b5acc-2ffa-4792-b60e-d575f36615e6", "model": "indivo.carenet", "fields": {"record": "e1a2a3eb-a98e-4745-a800-cfb673e46728", "created_at": "2011-01-18 15:47:18", "modified_at": "2011-01-18 15:47:18", "name": "Family", "creator": null}}, {"pk": "ac259fba-ea1e-4792-96fe-ed9564572e63", "model": "indivo.carenet", "fields": {"record": "e1a2a3eb-a98e-4745-a800-cfb673e46728", "created_at": "2011-01-18 15:47:18", "modified_at": "2011-01-18 15:47:18", "name": "Physicians", "creator": null}}, {"pk": "3e4c2a1d-5d94-4ddf-a89b-b85b48340375", "model": "indivo.carenet", "fields": {"record": "e1a2a3eb-a98e-4745-a800-cfb673e46728", "created_at": "2011-01-18 15:47:18", "modified_at": "2011-01-18 15:47:18", "name": "Work/School", "creator": null}}, {"pk": "8a78be38-32ac-438c-8b23-e1351c597c97", "model": "indivo.carenet", "fields": {"record": "9e3b495e-8412-4894-bd2d-4c92758cc934", "created_at": "2011-01-18 15:47:18", "modified_at": "2011-01-18 15:47:18", "name": "Family", "creator": null}}, {"pk": "cd876f43-90bb-41db-ac32-8c519b87a06e", "model": "indivo.carenet", "fields": {"record": "9e3b495e-8412-4894-bd2d-4c92758cc934", "created_at": "2011-01-18 15:47:18", "modified_at": "2011-01-18 15:47:18", "name": "Physicians", "creator": null}}, {"pk": "76db50f3-5eff-4b84-b75a-703ac93eb89c", "model": "indivo.carenet", "fields": {"record": "9e3b495e-8412-4894-bd2d-4c92758cc934", "created_at": "2011-01-18 15:47:18", "modified_at": "2011-01-18 15:47:18", "name": "Work/School", "creator": null}}, {"pk": "e2b144e2-b6e2-4db0-945d-a0c6f2f30507", "model": "indivo.carenet", "fields": {"record": "e317e34d-5cbc-43c6-8a2c-f3473de48d05", "created_at": "2011-01-18 15:47:18", "modified_at": "2011-01-18 15:47:18", "name": "Family", "creator": null}}, {"pk": "eac1c47d-fc35-485c-ab46-f2037d69df3d", "model": "indivo.carenet", "fields": {"record": "e317e34d-5cbc-43c6-8a2c-f3473de48d05", "created_at": "2011-01-18 15:47:18", "modified_at": "2011-01-18 15:47:18", "name": "Physicians", "creator": null}}, {"pk": "9e5a53a9-f7f5-4d54-9422-09110103dd4c", "model": "indivo.carenet", "fields": {"record": "e317e34d-5cbc-43c6-8a2c-f3473de48d05", "created_at": "2011-01-18 15:47:18", "modified_at": "2011-01-18 15:47:18", "name": "Work/School", "creator": null}}, {"pk": 1, "model": "indivo.statusname", "fields": {"name": "active"}}, {"pk": 2, "model": "indivo.statusname", "fields": {"name": "void"}}, {"pk": 3, "model": "indivo.statusname", "fields": {"name": "archived"}}, {"pk": "684b0337-db87-4143-8d55-08800be5126c", "model": "indivo.record", "fields": {"creator": null, "created_at": "2011-01-18 15:47:18", "modified_at": "2011-01-18 15:47:18", "label": "Ben Adida", "contact": null, "owner": "45a5bce1-2d4d-4427-a602-3033d23a2f28", "external_id": null, "demographics": null}}, {"pk": "e1a2a3eb-a98e-4745-a800-cfb673e46728", "model": "indivo.record", "fields": {"creator": null, "created_at": "2011-01-18 15:47:18", "modified_at": "2011-01-18 15:47:18", "label": "Rita", "contact": null, "owner": "45a5bce1-2d4d-4427-a602-3033d23a2f28", "external_id": null, "demographics": null}}, {"pk": "9e3b495e-8412-4894-bd2d-4c92758cc934", "model": "indivo.record", "fields": {"creator": null, "created_at": "2011-01-18 15:47:18", "modified_at": "2011-01-18 15:47:18", "label": "Max", "contact": null, "owner": "45a5bce1-2d4d-4427-a602-3033d23a2f28", "external_id": null, "demographics": null}}, {"pk": "e317e34d-5cbc-43c6-8a2c-f3473de48d05", "model": "indivo.record", "fields": {"creator": null, "created_at": "2011-01-18 15:47:18", "modified_at": "2011-01-18 15:47:18", "label": "Steve Zabak", "contact": null, "owner": "5bf5595f-7e77-4a21-a233-0cb6611ede47", "external_id": null, "demographics": null}}, {"pk": "3ed1a939-8da0-433a-bd77-99bea9a44cd3", "model": "indivo.documentschema", "fields": {"type": "http://indivo.org/vocab/xml/documents#AccessKey", "created_at": "2011-01-18 15:47:18", "modified_at": "2011-01-18 15:47:18", "stylesheet": null, "creator": null}}, {"pk": "e158aa9c-48de-45d9-8390-a7d64099ce63", "model": "indivo.documentschema", "fields": {"type": "http://indivo.org/vocab/xml/documents#PatientAccessKey", "created_at": "2011-01-18 15:47:18", "modified_at": "2011-01-18 15:47:18", "stylesheet": null, "creator": null}}, {"pk": "0e0bf668-66b7-4005-b15b-548decd14365", "model": "indivo.documentschema", "fields": {"type": "http://indivo.org/vocab/xml/documents#Contact", "created_at": "2011-01-18 15:47:18", "modified_at": "2011-01-18 15:47:18", "stylesheet": null, "creator": null}}, {"pk": "5ef7313c-f7fd-4cd7-b7f6-76189e148bf2", "model": "indivo.documentschema", "fields": {"type": "http://indivo.org/vocab/xml/documents#Demographics", "created_at": "2011-01-18 15:47:18", "modified_at": "2011-01-18 15:47:18", "stylesheet": null, "creator": null}}, {"pk": "cd0a2ba7-be2f-42ed-aa88-68968d90fdaa", "model": "indivo.documentschema", "fields": {"type": "http://indivo.org/vocab/documentrels#answers", "created_at": "2011-01-18 15:47:18", "modified_at": "2011-01-18 15:47:18", "stylesheet": null, "creator": null}}, {"pk": "4063f8fd-e0ee-49c0-8779-126c74820632", "model": "indivo.documentschema", "fields": {"type": "http://indivo.org/vocab/documentrels#annotation", "created_at": "2011-01-18 15:47:18", "modified_at": "2011-01-18 15:47:18", "stylesheet": null, "creator": null}}, {"pk": "07ea316f-dfc2-4f3b-bf6c-05f4c54a9608", "model": "indivo.documentschema", "fields": {"type": "http://indivo.org/vocab/documentrels#interpretation", "created_at": "2011-01-18 15:47:18", "modified_at": "2011-01-18 15:47:18", "stylesheet": null, "creator": null}}, {"pk": "09700b70-b4ef-4d03-a75d-c23e3f3c4851", "model": "indivo.documentschema", "fields": {"type": "http://indivo.org/vocab/documentrels#followup", "created_at": "2011-01-18 15:47:18", "modified_at": "2011-01-18 15:47:18", "stylesheet": null, "creator": null}}, {"pk": "6fd51d7f-748c-40bc-83c7-f738a7f7deae", "model": "indivo.documentschema", "fields": {"type": "http://indivo.org/vocab/documentrels#attachment", "created_at": "2011-01-18 15:47:18", "modified_at": "2011-01-18 15:47:18", "stylesheet": null, "creator": null}}, {"pk": "da1279d8-d10e-4033-b0a5-44d9ecf52c8c", "model": "indivo.documentschema", "fields": {"type": "http://indivo.org/vocab/xml/documents#Survey", "created_at": "2011-01-18 15:47:18", "modified_at": "2011-01-18 15:47:18", "stylesheet": null, "creator": null}}, {"pk": "76884193-3b0a-4e0c-9351-b5e3ac1d3ec7", "model": "indivo.documentschema", "fields": {"type": "http://indivo.org/vocab/xml/documents#SurveyAnswers", "created_at": "2011-01-18 15:47:18", "modified_at": "2011-01-18 15:47:18", "stylesheet": null, "creator": null}}, {"pk": "48214edf-be6f-492d-a910-df311d7c32a7", "model": "indivo.documentschema", "fields": {"type": "http://indivo.org/vocab/xml/documents#UserPreferences", "created_at": "2011-01-18 15:47:18", "modified_at": "2011-01-18 15:47:18", "stylesheet": null, "creator": null}}, {"pk": "2a1da9ca-d0e1-4c10-8cbd-8e42f699f282", "model": "indivo.documentschema", "fields": {"type": "http://indivo.org/vocab/xml/documents#Allergy", "created_at": "2011-01-18 15:47:18", "modified_at": "2011-01-18 15:47:18", "stylesheet": null, "creator": null}}, {"pk": "c76befad-5a6b-424e-a1ee-eb5b682514dd", "model": "indivo.documentschema", "fields": {"type": "http://indivo.org/vocab/xml/documents#AsthmaActionPlan", "created_at": "2011-01-18 15:47:18", "modified_at": "2011-01-18 15:47:18", "stylesheet": null, "creator": null}}, {"pk": "60c1720e-d1d9-4bc5-a2c6-f092baf7e772", "model": "indivo.documentschema", "fields": {"type": "http://indivo.org/vocab/xml/documents#SimpleClinicalNote", "created_at": "2011-01-18 15:47:18", "modified_at": "2011-01-18 15:47:18", "stylesheet": null, "creator": null}}, {"pk": "ae90143d-2798-4f76-bfc3-d86d5f4d0fc8", "model": "indivo.documentschema", "fields": {"type": "http://indivo.org/vocab/xml/documents#Equipment", "created_at": "2011-01-18 15:47:18", "modified_at": "2011-01-18 15:47:18", "stylesheet": null, "creator": null}}, {"pk": "0591bf8f-31cf-4b1a-a988-f76e11ada713", "model": "indivo.documentschema", "fields": {"type": "http://indivo.org/vocab/xml/documents#HBA1C", "created_at": "2011-01-18 15:47:18", "modified_at": "2011-01-18 15:47:18", "stylesheet": null, "creator": null}}, {"pk": "ed1da38a-bbde-42bb-95c1-43ec5f13406a", "model": "indivo.documentschema", "fields": {"type": "http://indivo.org/vocab/xml/documents#Immunization", "created_at": "2011-01-18 15:47:18", "modified_at": "2011-01-18 15:47:18", "stylesheet": null, "creator": null}}, {"pk": "b2eed3f2-3e1f-4e21-9096-e63fc5db6e1c", "model": "indivo.documentschema", "fields": {"type": "http://indivo.org/vocab/xml/documents#Lab", "created_at": "2011-01-18 15:47:18", "modified_at": "2011-01-18 15:47:18", "stylesheet": null, "creator": null}}, {"pk": "88f03b08-05b9-4fd4-b540-fd49026df7d0", "model": "indivo.documentschema", "fields": {"type": "http://indivo.org/vocab/xml/documents#Medication", "created_at": "2011-01-18 15:47:18", "modified_at": "2011-01-18 15:47:18", "stylesheet": null, "creator": null}}, {"pk": "ea29eab1-c32c-4027-bf92-fd72be6c5415", "model": "indivo.documentschema", "fields": {"type": "http://indivo.org/vocab/xml/documents#Problem", "created_at": "2011-01-18 15:47:18", "modified_at": "2011-01-18 15:47:18", "stylesheet": null, "creator": null}}, {"pk": "434d29ba-aa23-4e95-bf26-c267fb47893a", "model": "indivo.documentschema", "fields": {"type": "http://indivo.org/vocab/xml/documents#Procedure", "created_at": "2011-01-18 15:47:18", "modified_at": "2011-01-18 15:47:18", "stylesheet": null, "creator": null}}, {"pk": "30346156-cdb1-4687-92ea-ae3c36d7256f", "model": "indivo.documentschema", "fields": {"type": "http://indivo.org/vocab/xml/documents#SchoolForm", "created_at": "2011-01-18 15:47:18", "modified_at": "2011-01-18 15:47:18", "stylesheet": null, "creator": null}}, {"pk": "1caa6d9a-41d4-4f3d-a65a-54659aa56bad", "model": "indivo.documentschema", "fields": {"type": "http://indivo.org/vocab/xml/documents#VitalSign", "created_at": "2011-01-18 15:47:18", "modified_at": "2011-01-18 15:47:18", "stylesheet": null, "creator": null}}, {"pk": "14400369-bf1e-41e7-83fc-36c3f629442e", "model": "indivo.documentschema", "fields": {"type": "http://indivo.org/vocab/xml/documents#EncryptedDocument", "created_at": "2011-01-18 15:47:18", "modified_at": "2011-01-18 15:47:18", "stylesheet": null, "creator": null}}, {"pk": "8a001133-d432-4db1-8e2b-57b191540dc0", "model": "indivo.documentschema", "fields": {"type": "http://indivo.org/vocab/xml/documents#Genotype", "created_at": "2011-01-18 15:47:18", "modified_at": "2011-01-18 15:47:18", "stylesheet": null, "creator": null}}, {"pk": "d51bc23a-fd95-46c4-b225-30e90507d0d6", "model": "indivo.pha", "fields": {"schema": "3ed1a939-8da0-433a-bd77-99bea9a44cd3", "privacy_tou": null, "name": "Medical Surveys", "principal_ptr": "d51bc23a-fd95-46c4-b225-30e90507d0d6", "description": "Fill out your medical questionnaires from the convenience of your home", "start_url_template": "http://localhost:3001/user/go_add?record_id={record_id}&document_id={document_id}", "is_autonomous": false, "secret": "survey", "frameable": true, "autonomous_reason": null, "callback_url": "http://localhost:3001/user/after", "consumer_key": "survey", "has_ui": true}}, {"pk": "4476ff48-26ab-4db6-a417-d92cc7bc2148", "model": "indivo.pha", "fields": {"schema": null, "privacy_tou": null, "name": "Patient Notifier", "principal_ptr": "4476ff48-26ab-4db6-a417-d92cc7bc2148", "description": "Manage your GPP notifications and preferences", "start_url_template": "http://localhost:3002/user/go_add?record_id={record_id}", "is_autonomous": false, "secret": "patientnotifier", "frameable": true, "autonomous_reason": null, "callback_url": "http://localhost:3002/user/after", "consumer_key": "patientnotifier", "has_ui": true}}, {"pk": "6f9a235a-4f85-485d-bdc1-32720e609b84", "model": "indivo.pha", "fields": {"schema": null, "privacy_tou": null, "name": "GPP", "principal_ptr": "6f9a235a-4f85-485d-bdc1-32720e609b84", "description": null, "start_url_template": "", "is_autonomous": false, "secret": "gpp", "frameable": false, "autonomous_reason": null, "callback_url": "", "consumer_key": "gpp", "has_ui": false}}, {"pk": "25ab7557-0d80-4514-ad3e-771412b68147", "model": "indivo.pha", "fields": {"schema": null, "privacy_tou": null, "name": "Manton", "principal_ptr": "25ab7557-0d80-4514-ad3e-771412b68147", "description": null, "start_url_template": "http://localhost:3005/manton/go_add?record_id={record_id}", "is_autonomous": false, "secret": "manton", "frameable": true, "autonomous_reason": null, "callback_url": "http://localhost:3005/manton/after", "consumer_key": "manton", "has_ui": false}}, {"pk": "07f77774-2d50-4914-b79a-4796058d6aaf", "model": "indivo.pha", "fields": {"schema": null, "privacy_tou": null, "name": "TuDiabetes Network", "principal_ptr": "07f77774-2d50-4914-b79a-4796058d6aaf", "description": null, "start_url_template": "", "is_autonomous": false, "secret": "tudiabetes", "frameable": true, "autonomous_reason": null, "callback_url": "http://ningdivo.genepartnership.org:8080/ningDivo/IsocServlet?request=ndConfirmAuthorization", "consumer_key": "tudiabetes@apps.indivo.org", "has_ui": true}}, {"pk": "0407018a-3b9a-4a2e-a553-c6fe51b5aad6", "model": "indivo.pha", "fields": {"schema": null, "privacy_tou": null, "name": "Nagdivo", "principal_ptr": "0407018a-3b9a-4a2e-a553-c6fe51b5aad6", "description": null, "start_url_template": "", "is_autonomous": false, "secret": "nagdivo", "frameable": true, "autonomous_reason": null, "callback_url": "", "consumer_key": "nagdivo@apps.indivo.org", "has_ui": false}}, {"pk": "21d9bab7-5fa8-467d-be9f-b7c98ce4bf1d", "model": "indivo.pha", "fields": {"schema": null, "privacy_tou": null, "name": "Children's Hospital Boston Subscription Agent", "principal_ptr": "21d9bab7-5fa8-467d-be9f-b7c98ce4bf1d", "description": null, "start_url_template": "http://localhost:8003/indivo/start_auth?record_id={record_id}", "is_autonomous": true, "secret": "hospital-connector-secret", "frameable": true, "autonomous_reason": "This app connects to your record to load new data into it while you sleep.", "callback_url": "http://localhost:8003/indivo/after_auth", "consumer_key": "hospital-connector", "has_ui": true}}, {"pk": "da87eba9-9444-4dda-9a7d-adf5cb77d48c", "model": "indivo.pha", "fields": {"schema": null, "privacy_tou": null, "name": "CHB Powerchart", "principal_ptr": "da87eba9-9444-4dda-9a7d-adf5cb77d48c", "description": null, "start_url_template": "", "is_autonomous": false, "secret": "chb-powerchart", "frameable": true, "autonomous_reason": null, "callback_url": "", "consumer_key": "chb-powerchart@apps.indivo.org", "has_ui": false}}, {"pk": "cb029992-e1fa-4903-9a4e-7c9c8247bb37", "model": "indivo.pha", "fields": {"schema": null, "privacy_tou": null, "name": "Family Health History", "principal_ptr": "cb029992-e1fa-4903-9a4e-7c9c8247bb37", "description": null, "start_url_template": "", "is_autonomous": false, "secret": "fhh", "frameable": true, "autonomous_reason": null, "callback_url": "", "consumer_key": "fhh@apps.indivo.org", "has_ui": true}}, {"pk": "5eba616c-9526-4775-950b-8ffb3272ced1", "model": "indivo.pha", "fields": {"schema": null, "privacy_tou": null, "name": "User Test App", "principal_ptr": "5eba616c-9526-4775-950b-8ffb3272ced1", "description": null, "start_url_template": "", "is_autonomous": false, "secret": "norepinephrine", "frameable": true, "autonomous_reason": null, "callback_url": "", "consumer_key": "stephanie@apps.indivo.org", "has_ui": true}}, {"pk": "2c0886ed-f070-45c5-9331-575e026d80ff", "model": "indivo.pha", "fields": {"schema": null, "privacy_tou": null, "name": "GPING", "principal_ptr": "2c0886ed-f070-45c5-9331-575e026d80ff", "description": null, "start_url_template": "http://localhost:3000/user/go_add?record_id={record_id}", "is_autonomous": false, "secret": "gping", "frameable": true, "autonomous_reason": null, "callback_url": "http://localhost:3000/user/after", "consumer_key": "gping@apps.indivo.org", "has_ui": true}}, {"pk": "36fd9088-c963-4022-9f92-a6e7af22b804", "model": "indivo.pha", "fields": {"schema": null, "privacy_tou": null, "name": "Allergies", "principal_ptr": "36fd9088-c963-4022-9f92-a6e7af22b804", "description": null, "start_url_template": "/apps/allergies/start_auth?record_id={record_id}&carenet_id={carenet_id}", "is_autonomous": false, "secret": "allergies", "frameable": true, "autonomous_reason": null, "callback_url": "/apps/allergies/after_auth", "consumer_key": "allergies@apps.indivo.org", "has_ui": true}}, {"pk": "61a54715-8264-4cd3-9e01-577b991c7e7b", "model": "indivo.pha", "fields": {"schema": null, "privacy_tou": null, "name": "Immunizations", "principal_ptr": "61a54715-8264-4cd3-9e01-577b991c7e7b", "description": null, "start_url_template": "/apps/immunizations/start_auth?record_id={record_id}&carenet_id={carenet_id}", "is_autonomous": false, "secret": "immunizations", "frameable": true, "autonomous_reason": null, "callback_url": "/apps/immunizations/after_auth", "consumer_key": "immunizations@apps.indivo.org", "has_ui": true}}, {"pk": "1eba6d48-e302-4218-8a22-14d24cf05b90", "model": "indivo.pha", "fields": {"schema": null, "privacy_tou": null, "name": "Labs", "principal_ptr": "1eba6d48-e302-4218-8a22-14d24cf05b90", "description": null, "start_url_template": "/apps/labs/start_auth?record_id={record_id}&carenet_id={carenet_id}", "is_autonomous": false, "secret": "labs", "frameable": true, "autonomous_reason": null, "callback_url": "/apps/labs/after_auth", "consumer_key": "labs@apps.indivo.org", "has_ui": true}}, {"pk": "4b9b7e5b-35f4-46d7-9e5f-852592d3b554", "model": "indivo.pha", "fields": {"schema": null, "privacy_tou": null, "name": "Medications", "principal_ptr": "4b9b7e5b-35f4-46d7-9e5f-852592d3b554", "description": null, "start_url_template": "/apps/medications/start_auth?record_id={record_id}&carenet_id={carenet_id}", "is_autonomous": false, "secret": "medications", "frameable": true, "autonomous_reason": null, "callback_url": "/apps/medications/after_auth", "consumer_key": "medications@apps.indivo.org", "has_ui": true}}, {"pk": "9bb212c2-3d25-42be-915c-19e3125c9117", "model": "indivo.pha", "fields": {"schema": null, "privacy_tou": null, "name": "Problems", "principal_ptr": "9bb212c2-3d25-42be-915c-19e3125c9117", "description": null, "start_url_template": "/apps/problems/start_auth?record_id={record_id}&carenet_id={carenet_id}", "is_autonomous": false, "secret": "problems", "frameable": true, "autonomous_reason": null, "callback_url": "/apps/problems/after_auth", "consumer_key": "problems@apps.indivo.org", "has_ui": true}}, {"pk": "aa5bea90-fa18-4b79-8146-e139a2e19829", "model": "indivo.machineapp", "fields": {"app_type": "admin", "secret": "missioncontrol", "consumer_key": "missioncontrol", "name": "GPP Mission Control"}}, {"pk": "74677318-139c-42c0-9ddc-8749614faa84", "model": "indivo.machineapp", "fields": {"app_type": "chrome", "secret": "chrome", "consumer_key": "chrome", "name": "chrome"}}, {"pk": "5fa31f11-d509-4560-bc22-828e97e2451d", "model": "indivo.machineapp", "fields": {"app_type": "admin", "secret": "tudiabetes-admin", "consumer_key": "tudiabetes-admin@apps.indivo.org", "name": "TuDiabetes Admin"}}, {"pk": "6d05c98b-27ff-4dc4-8765-9bd8ceefa3bd", "model": "indivo.machineapp", "fields": {"app_type": "chrome", "secret": "chb", "consumer_key": "chb", "name": "CHB Network"}}, {"pk": "9191398a-184b-4e25-bb90-46e1772a90cd", "model": "indivo.machineapp", "fields": {"app_type": "admin", "secret": "neuronagility", "consumer_key": "stemapnea@apps.indivo.org", "name": "Admin Test App"}}, {"pk": "80f688dd-19fd-4a67-98f5-b84a90551d1a", "model": "indivo.machineapp", "fields": {"app_type": "admin", "secret": "indivoconnector-admin", "consumer_key": "indivoconnector-admin@apps.indivo.org", "name": "Indivo Connector Admin"}}]
